[{"id":1872986,"start_time":"2020-07-02 09:00:00","league_short":"JPN D2","league_href":"\/football\/j-league-division-2\/league-284\/","host_rank":"[7]","host":"Ventforet Kofu","guest_rank":"[20]","guest":"Renofa Yamaguchi","url":"\/football-match\/ventforet-kofu-vs-renofa-yamaguchi\/live-1872986\/"},{"id":1872987,"start_time":"2020-07-02 09:00:00","league_short":"JPN D2","league_href":"\/football\/j-league-division-2\/league-284\/","host_rank":"[16]","host":"Matsumoto Yamaga FC","guest_rank":"[5]","guest":"Giravanz Kitakyushu","url":"\/football-match\/matsumoto-yamaga-fc-vs-giravanz-kitakyushu\/live-1872987\/"},{"id":1872988,"start_time":"2020-07-02 09:00:00","league_short":"JPN D2","league_href":"\/football\/j-league-division-2\/league-284\/","host_rank":"[14]","host":"Tochigi SC","guest_rank":"[6]","guest":"Albirex Niigata","url":"\/football-match\/tochigi-sc-vs-albirex-niigata\/live-1872988\/"},{"id":1872989,"start_time":"2020-07-02 09:00:00","league_short":"JPN D2","league_href":"\/football\/j-league-division-2\/league-284\/","host_rank":"[1]","host":"V-Varen Nagasaki","guest_rank":"[13]","guest":"Tokyo Verdy","url":"\/football-match\/v-varen-nagasaki-vs-tokyo-verdy\/live-1872989\/"},{"id":1888625,"start_time":"2020-07-02 09:00:00","league_short":"SVK Cup","league_href":"\/football\/slovakia-cup\/league-143\/","host_rank":"","host":"Jednota Sokol Chocholna","guest_rank":"","guest":"OK castkovce","url":"\/football-match\/jednota-sokol-chocholna-vs-ok-castkovce\/live-1888625\/"},{"id":1872669,"start_time":"2020-07-02 09:00:00","league_short":"JPN D3","league_href":"\/football\/j-league-division-3\/league-1346\/","host_rank":"[2]","host":"Roasso Kumamoto","guest_rank":"[15]","guest":"Fukushima United FC","url":"\/football-match\/roasso-kumamoto-vs-fukushima-united-fc\/live-1872669\/"},{"id":1872670,"start_time":"2020-07-02 09:00:00","league_short":"JPN D3","league_href":"\/football\/j-league-division-3\/league-1346\/","host_rank":"[5]","host":"AC Nagano Parceiro","guest_rank":"[17]","guest":"Gamba Osaka U23","url":"\/football-match\/ac-nagano-parceiro-vs-gamba-osaka-u23\/live-1872670\/"},{"id":1872671,"start_time":"2020-07-02 09:00:00","league_short":"JPN D3","league_href":"\/football\/j-league-division-3\/league-1346\/","host_rank":"[18]","host":"Kamatamare Sanuki","guest_rank":"[9]","guest":"Azul Claro Numazu","url":"\/football-match\/kamatamare-sanuki-vs-azul-claro-numazu\/live-1872671\/"},{"id":1889652,"start_time":"2020-07-02 09:00:00","league_short":"INT CF","league_href":"\/football\/international-club-friendly\/league-41\/","host_rank":"","host":"Victoria Sulejowek 2","guest_rank":"","guest":"Wisla Drzencinow","url":"\/football-match\/victoria-sulejowek-2-vs-wisla-drzencinow\/live-1889652\/"},{"id":1888834,"start_time":"2020-07-02 09:00:00","league_short":"RUS FDH","league_href":"\/football\/futsal-russia-division-de-honor\/league-1283\/","host_rank":"","host":"MFK Tyumen Futsal","guest_rank":"","guest":"Dynamo Samarra Futsal","url":"\/football-match\/mfk-tyumen-futsal-vs-dynamo-samarra-futsal\/live-1888834\/"},{"id":1876661,"start_time":"2020-07-02 09:00:00","league_short":"BLR RL","league_href":"\/football\/belarus-reserve-league\/league-1680\/","host_rank":"[5]","host":"Neman Grodno Reserves","guest_rank":"[1]","guest":"Dinamo Minsk Reserves","url":"\/football-match\/neman-grodno-reserves-vs-dinamo-minsk-reserves\/live-1876661\/"},{"id":1888550,"start_time":"2020-07-02 09:00:00","league_short":"LAO PL","league_href":"\/football\/laos-premier-league\/league-2022\/","host_rank":"","host":"Viengchan FC","guest_rank":"","guest":"Lao Toyota FC","url":"\/football-match\/viengchan-fc-vs-lao-toyota-fc\/live-1888550\/"},{"id":1888582,"start_time":"2020-07-02 09:00:00","league_short":"EST D4","league_href":"\/football\/estonia-ii-liiga\/league-1894\/","host_rank":"","host":"Maardu Linnameeskond II","guest_rank":"","guest":"Pohja-Tallinna JK Volta","url":"\/football-match\/maardu-linnameeskond-ii-vs-pohja-tallinna-jk-volta\/live-1888582\/"},{"id":1888608,"start_time":"2020-07-02 09:00:00","league_short":"FIN CU20","league_href":"\/football\/finland-championship-u20\/league-1475\/","host_rank":"","host":"GrIFK U20","guest_rank":"","guest":"MuSa U20","url":"\/football-match\/grifk-u20-vs-musa-u20\/live-1888608\/"},{"id":1888609,"start_time":"2020-07-02 09:00:00","league_short":"HUN D3E","league_href":"\/football\/hungary-nb-iii\/league-1570\/","host_rank":"","host":"Budapest Honved II","guest_rank":"","guest":"Ivancsa","url":"\/football-match\/budapest-honved-ii-vs-ivancsa\/live-1888609\/"},{"id":1888610,"start_time":"2020-07-02 09:00:00","league_short":"HUN D3E","league_href":"\/football\/hungary-nb-iii\/league-1570\/","host_rank":"","host":"Ferencvarosi TC B","guest_rank":"","guest":"Kecskemeti TE","url":"\/football-match\/ferencvarosi-tc-b-vs-kecskemeti-te\/live-1888610\/"},{"id":1888611,"start_time":"2020-07-02 09:00:00","league_short":"HUN D3E","league_href":"\/football\/hungary-nb-iii\/league-1570\/","host_rank":"","host":"Puskas Academy II","guest_rank":"","guest":"MTE Mosonmagyarovar","url":"\/football-match\/puskas-academy-ii-vs-mte-mosonmagyarovar\/live-1888611\/"},{"id":1888640,"start_time":"2020-07-02 09:00:00","league_short":"SER U19","league_href":"\/football\/serbia-u19-league\/league-1547\/","host_rank":"","host":"Vojvodina U19","guest_rank":"","guest":"FK Vozdovac U19","url":"\/football-match\/vojvodina-u19-vs-fk-vozdovac-u19\/live-1888640\/"},{"id":1888641,"start_time":"2020-07-02 09:00:00","league_short":"SER U19","league_href":"\/football\/serbia-u19-league\/league-1547\/","host_rank":"","host":"FK Napredak U19","guest_rank":"","guest":"TSC Backa Topola U19","url":"\/football-match\/fk-napredak-u19-vs-tsc-backa-topola-u19\/live-1888641\/"},{"id":1887927,"start_time":"2020-07-02 09:05:00","league_short":"FFSA WPL","league_href":"\/football\/australia-new-south-wales-npl-women\/league-1470\/","host_rank":"","host":"Apia L Tigers (W)","guest_rank":"","guest":"Bankstown City Lions (w)","url":"\/football-match\/apia-l-tigers-(w)-vs-bankstown-city-lions-(w)\/live-1887927\/"},{"id":1888612,"start_time":"2020-07-02 09:15:00","league_short":"FIN CU20","league_href":"\/football\/finland-championship-u20\/league-1475\/","host_rank":"","host":"AIFK U20","guest_rank":"","guest":"Haka Youth","url":"\/football-match\/aifk-u20-vs-haka-youth\/live-1888612\/"},{"id":1872985,"start_time":"2020-07-02 09:30:00","league_short":"JPN D2","league_href":"\/football\/j-league-division-2\/league-284\/","host_rank":"[9]","host":"Kyoto Sanga","guest_rank":"[8]","guest":"Machida Zelvia","url":"\/football-match\/kyoto-sanga-vs-machida-zelvia\/live-1872985\/"},{"id":1784101,"start_time":"2020-07-02 09:30:00","league_short":"AUS D1","league_href":"\/football\/australia-a-league\/league-273\/","host_rank":"[9]","host":"Newcastle Jets","guest_rank":"[7]","guest":"Western United FC","url":"\/football-match\/newcastle-jets-vs-western-united-fc\/live-1784101\/"},{"id":1879893,"start_time":"2020-07-02 10:00:00","league_short":"CHA CSLB","league_href":"\/football\/chinese-super-league\/league-60\/","host_rank":"[2]","host":"Shanghai East Asia FC(N)","guest_rank":"[5]","guest":"Hebei HX Xingfu","url":"\/football-match\/shanghai-east-asia-fc-vs-hebei-hx-xingfu\/live-1879893\/"},{"id":1831347,"start_time":"2020-07-02 10:00:00","league_short":"KOR D1","league_href":"\/football\/korea-league\/league-15\/","host_rank":"[6]","host":"Busan I Park","guest_rank":"[1]","guest":"Ulsan Hyundai FC","url":"\/football-match\/busan-i-park-vs-ulsan-hyundai-fc\/live-1831347\/"},{"id":1831351,"start_time":"2020-07-02 10:00:00","league_short":"KOR D1","league_href":"\/football\/korea-league\/league-15\/","host_rank":"[10]","host":"Suwon Samsung Bluewings","guest_rank":"[5]","guest":"Daegu FC","url":"\/football-match\/suwon-samsung-bluewings-vs-daegu-fc\/live-1831351\/"},{"id":1831410,"start_time":"2020-07-02 10:00:00","league_short":"KOR D1","league_href":"\/football\/korea-league\/league-15\/","host_rank":"[7]","host":"Gangwon FC","guest_rank":"[4]","guest":"Sangju Sangmu Phoenix","url":"\/football-match\/gangwon-fc-vs-sangju-sangmu-phoenix\/live-1831410\/"},{"id":1872980,"start_time":"2020-07-02 10:00:00","league_short":"JPN D2","league_href":"\/football\/j-league-division-2\/league-284\/","host_rank":"[18]","host":"Ehime FC","guest_rank":"[10]","guest":"Jubilo Iwata","url":"\/football-match\/ehime-fc-vs-jubilo-iwata\/live-1872980\/"},{"id":1872981,"start_time":"2020-07-02 10:00:00","league_short":"JPN D2","league_href":"\/football\/j-league-division-2\/league-284\/","host_rank":"[12]","host":"JEF United Ichihara Chiba","guest_rank":"[22]","guest":"Thespa Kusatsu","url":"\/football-match\/jef-united-ichihara-chiba-vs-thespa-kusatsu\/live-1872981\/"},{"id":1872982,"start_time":"2020-07-02 10:00:00","league_short":"JPN D2","league_href":"\/football\/j-league-division-2\/league-284\/","host_rank":"[15]","host":"Mito Hollyhock","guest_rank":"[11]","guest":"Zweigen Kanazawa FC","url":"\/football-match\/mito-hollyhock-vs-zweigen-kanazawa-fc\/live-1872982\/"},{"id":1872983,"start_time":"2020-07-02 10:00:00","league_short":"JPN D2","league_href":"\/football\/j-league-division-2\/league-284\/","host_rank":"[4]","host":"Tokushima Vortis","guest_rank":"[19]","guest":"Montedio Yamagata","url":"\/football-match\/tokushima-vortis-vs-montedio-yamagata\/live-1872983\/"},{"id":1843071,"start_time":"2020-07-02 10:00:00","league_short":"KOR D2","league_href":"\/football\/k-league-challenge-league\/league-1292\/","host_rank":"[7]","host":"Gyeongnam FC","guest_rank":"[10]","guest":"FC Anyang","url":"\/football-match\/gyeongnam-fc-vs-fc-anyang\/live-1843071\/"},{"id":1843131,"start_time":"2020-07-02 10:00:00","league_short":"KOR D2","league_href":"\/football\/k-league-challenge-league\/league-1292\/","host_rank":"[6]","host":"Seoul E-Land FC","guest_rank":"[5]","guest":"Bucheon FC 1995","url":"\/football-match\/seoul-e-land-fc-vs-bucheon-fc-1995\/live-1843131\/"},{"id":1872668,"start_time":"2020-07-02 10:00:00","league_short":"JPN D3","league_href":"\/football\/j-league-division-3\/league-1346\/","host_rank":"[3]","host":"Gainare Tottori","guest_rank":"[6]","guest":"Kataller Toyama","url":"\/football-match\/gainare-tottori-vs-kataller-toyama\/live-1872668\/"},{"id":1889653,"start_time":"2020-07-02 10:00:00","league_short":"INT CF","league_href":"\/football\/international-club-friendly\/league-41\/","host_rank":"","host":"VfL Oldenburg","guest_rank":"","guest":"Blumenthaler SV","url":"\/football-match\/vfl-oldenburg-vs-blumenthaler-sv\/live-1889653\/"},{"id":1873762,"start_time":"2020-07-02 10:00:00","league_short":"SWE WD1","league_href":"\/football\/sweden-damallsvenskan\/league-443\/","host_rank":"[5]","host":"Kristianstads DFF (w)","guest_rank":"[10]","guest":"Umea IK (w)","url":"\/football-match\/kristianstads-dff-(w)-vs-umea-ik-(w)\/live-1873762\/"}]