[{"id":1898075,"min":79,"start_time":"2020-10-01 16:50:00","league_short":"ROM D1","league_url":"\/football\/romania-liga-i\/league-124\/","host_rank":"[12]","host":"Politehnica Iasi","guest_rank":"[9]","guest":"FC Viitorul Constanta","url":"\/football-match\/politehnica-iasi-vs-fc-viitorul-constanta\/live-1898075\/"},{"id":1941750,"min":82,"start_time":"2020-10-01 16:50:00","league_short":"KSA PR","league_url":"\/football\/saudi-professional-league\/league-292\/","host_rank":"[8]","host":"Al-Shabab(KSA)","guest_rank":"[14]","guest":"Al-Nasr(KSA)","url":"\/football-match\/al-shabab(ksa)-vs-al-nasr(ksa)\/live-1941750\/"},{"id":1947223,"min":82,"start_time":"2020-10-01 16:55:00","league_short":"HUN D3E","league_url":"\/football\/hungary-nb-iii\/league-1570\/","host_rank":"","host":"Tatabanya","guest_rank":"","guest":"Zalaegerszegi TE II","url":"\/football-match\/tatabanya-vs-zalaegerszegi-te-ii\/live-1947223\/"},{"id":1894601,"min":68,"start_time":"2020-10-01 17:00:00","league_short":"GER D1","league_url":"\/football\/german-bundesliga\/league-8\/","host_rank":"[15]","host":"Hertha Berlin","guest_rank":"[11]","guest":"VfL Wolfsburg","url":"\/football-match\/hertha-berlin-vs-vfl-wolfsburg\/live-1894601\/"},{"id":1915318,"min":71,"start_time":"2020-10-01 17:00:00","league_short":"ITA D1","league_url":"\/football\/italian-serie-a\/league-34\/","host_rank":"[9]","host":"AS Roma","guest_rank":"[10]","guest":"Fiorentina","url":"\/football-match\/as-roma-vs-fiorentina\/live-1915318\/"},{"id":1915322,"min":70,"start_time":"2020-10-01 17:00:00","league_short":"ITA D1","league_url":"\/football\/italian-serie-a\/league-34\/","host_rank":"[4]","host":"Napoli","guest_rank":"[5]","guest":"Sassuolo","url":"\/football-match\/napoli-vs-sassuolo\/live-1915322\/"},{"id":1932687,"min":70,"start_time":"2020-10-01 17:00:00","league_short":"NOR D1","league_url":"\/football\/norwegian-tippeligaen\/league-22\/","host_rank":"[6]","host":"Kristiansund BK","guest_rank":"[1]","guest":"Bodo Glimt","url":"\/football-match\/kristiansund-bk-vs-bodo-glimt\/live-1932687\/"},{"id":1932688,"min":72,"start_time":"2020-10-01 17:00:00","league_short":"NOR D1","league_url":"\/football\/norwegian-tippeligaen\/league-22\/","host_rank":"[8]","host":"Stabaek","guest_rank":"[7]","guest":"Viking","url":"\/football-match\/stabaek-vs-viking\/live-1932688\/"},{"id":1932690,"min":73,"start_time":"2020-10-01 17:00:00","league_short":"NOR D1","league_url":"\/football\/norwegian-tippeligaen\/league-22\/","host_rank":"[11]","host":"Sandefjord","guest_rank":"[13]","guest":"Brann","url":"\/football-match\/sandefjord-vs-brann\/live-1932690\/"},{"id":1932691,"min":73,"start_time":"2020-10-01 17:00:00","league_short":"NOR D1","league_url":"\/football\/norwegian-tippeligaen\/league-22\/","host_rank":"[3]","host":"Rosenborg","guest_rank":"[14]","guest":"Start Kristiansand","url":"\/football-match\/rosenborg-vs-start-kristiansand\/live-1932691\/"},{"id":1945537,"min":72,"start_time":"2020-10-01 17:00:00","league_short":"ARG D1D","league_url":"\/football\/argentine-division-1\/league-2\/","host_rank":"[16]","host":"Union Santa Fe","guest_rank":"[11]","guest":"Arsenal de Sarandi","url":"\/football-match\/union-santa-fe-vs-arsenal-de-sarandi\/live-1945537\/"},{"id":1937358,"min":74,"start_time":"2020-10-01 17:00:00","league_short":"SPA D35","league_url":"\/football\/spanish-segunda-division-b\/league-1413\/","host_rank":"[4]","host":"Racing Santander","guest_rank":"[7]","guest":"Alaves B","url":"\/football-match\/racing-santander-vs-alaves-b\/live-1937358\/"},{"id":1937556,"min":72,"start_time":"2020-10-01 17:00:00","league_short":"SPA D35","league_url":"\/football\/spanish-segunda-division-b\/league-1413\/","host_rank":"[8]","host":"Barcelona B","guest_rank":"[12]","guest":"AE Prat","url":"\/football-match\/barcelona-b-vs-ae-prat\/live-1937556\/"},{"id":1937760,"min":72,"start_time":"2020-10-01 17:00:00","league_short":"SPA D35","league_url":"\/football\/spanish-segunda-division-b\/league-1413\/","host_rank":"[19]","host":"Real Betis B","guest_rank":"[11]","guest":"Lorca Deportiva FC","url":"\/football-match\/real-betis-b-vs-lorca-deportiva-fc\/live-1937760\/"},{"id":1890757,"min":68,"start_time":"2020-10-01 17:00:00","league_short":"DEN SASL","league_url":"\/football\/denmark-superligaen\/league-7\/","host_rank":"[8]","host":"Aalborg","guest_rank":"[4]","guest":"Brondby IF","url":"\/football-match\/aalborg-vs-brondby-if\/live-1890757\/"},{"id":1897175,"min":68,"start_time":"2020-10-01 17:00:00","league_short":"CRC D1(A)","league_url":"\/football\/costa-rica-primera-division\/league-504\/","host_rank":"[2]","host":"Cartagines Deportiva SA","guest_rank":"[12]","guest":"AD Grecia","url":"\/football-match\/cartagines-deportiva-sa-vs-ad-grecia\/live-1897175\/"},{"id":1939965,"min":61,"start_time":"2020-10-01 17:10:00","league_short":"MAL D1","league_url":"\/football\/malta-premier-league\/league-533\/","host_rank":"[8]","host":"Valletta FC","guest_rank":"[16]","guest":"Senglea Athletic","url":"\/football-match\/valletta-fc-vs-senglea-athletic\/live-1939965\/"},{"id":1914789,"min":59,"start_time":"2020-10-01 17:15:00","league_short":"SPA D2","league_url":"\/football\/spanish-segunda-division\/league-33\/","host_rank":"[11]","host":"Fuenlabrada","guest_rank":"[16]","guest":"Tenerife","url":"\/football-match\/fuenlabrada-vs-tenerife\/live-1914789\/"},{"id":1914793,"min":60,"start_time":"2020-10-01 17:15:00","league_short":"SPA D2","league_url":"\/football\/spanish-segunda-division\/league-33\/","host_rank":"[12]","host":"Ponferradina","guest_rank":"[22]","guest":"Sabadell","url":"\/football-match\/ponferradina-vs-sabadell\/live-1914793\/"},{"id":1890130,"min":55,"start_time":"2020-10-01 17:15:00","league_short":"BEL D1","league_url":"\/football\/belgian-pro-league\/league-5\/","host_rank":"[7]","host":"Standard Liege","guest_rank":"[9]","guest":"Oostende","url":"\/football-match\/standard-liege-vs-oostende\/live-1890130\/"},{"id":1918448,"min":57,"start_time":"2020-10-01 17:15:00","league_short":"BUL D1","league_url":"\/football\/bulgaria-premier-league\/league-131\/","host_rank":"[2]","host":"Ludogorets Razgrad","guest_rank":"[12]","guest":"Levski Sofia","url":"\/football-match\/ludogorets-razgrad-vs-levski-sofia\/live-1918448\/"},{"id":1834549,"min":44,"start_time":"2020-10-01 17:45:00","league_short":"IRE PR","league_url":"\/football\/ireland-premier-division\/league-1\/","host_rank":"[7]","host":"St. Patricks Athletic","guest_rank":"[3]","guest":"Dundalk","url":"\/football-match\/st.-patricks-athletic-vs-dundalk\/live-1834549\/"},{"id":1884273,"min":31,"start_time":"2020-10-01 18:00:00","league_short":"Hungary NB \u00e2\u0085\u00a1","league_url":"\/football\/hungary-nb-\u00e2\u0085\u00b1\/league-703\/","host_rank":"[1]","host":"Debrecin VSC","guest_rank":"[16]","guest":"Gyori ETO","url":"\/football-match\/debrecin-vsc-vs-gyori-eto\/live-1884273\/"},{"id":1934042,"min":28,"start_time":"2020-10-01 18:00:00","league_short":"ECU D1","league_url":"\/football\/primera-division-de-ecuador\/league-596\/","host_rank":"[15]","host":"Orense SC","guest_rank":"[11]","guest":"Olmedo Riobamba","url":"\/football-match\/orense-sc-vs-olmedo-riobamba\/live-1934042\/"},{"id":1930155,"min":28,"start_time":"2020-10-01 18:00:00","league_short":"Bra YL","league_url":"\/football\/brazil-youth\/league-930\/","host_rank":"[6]","host":"Cruzeiro (Youth)","guest_rank":"[15]","guest":"Botafogo RJ (Youth)","url":"\/football-match\/cruzeiro-(youth)-vs-botafogo-rj-(youth)\/live-1930155\/"},{"id":1930156,"min":27,"start_time":"2020-10-01 18:00:00","league_short":"Bra YL","league_url":"\/football\/brazil-youth\/league-930\/","host_rank":"[2]","host":"Fluminense RJ (Youth)","guest_rank":"[7]","guest":"Internacional (RS) Youth","url":"\/football-match\/fluminense-rj-(youth)-vs-internacional-(rs)-youth\/live-1930156\/"},{"id":1930157,"min":29,"start_time":"2020-10-01 18:00:00","league_short":"Bra YL","league_url":"\/football\/brazil-youth\/league-930\/","host_rank":"[17]","host":"Goias (Youth)","guest_rank":"[8]","guest":"Sao Paulo (Youth)","url":"\/football-match\/goias-(youth)-vs-sao-paulo-(youth)\/live-1930157\/"},{"id":1930158,"min":25,"start_time":"2020-10-01 18:00:00","league_short":"Bra YL","league_url":"\/football\/brazil-youth\/league-930\/","host_rank":"[13]","host":"Gremio (Youth)","guest_rank":"[19]","guest":"Chapecoense (Youth)","url":"\/football-match\/gremio-(youth)-vs-chapecoense-(youth)\/live-1930158\/"},{"id":1930160,"min":30,"start_time":"2020-10-01 18:00:00","league_short":"Bra YL","league_url":"\/football\/brazil-youth\/league-930\/","host_rank":"[16]","host":"Santos (Youth)","guest_rank":"[10]","guest":"CR Flamengo (RJ)  (Youth)","url":"\/football-match\/santos-(youth)-vs-cr-flamengo-(rj)--(youth)\/live-1930160\/"},{"id":1930161,"min":29,"start_time":"2020-10-01 18:00:00","league_short":"Bra YL","league_url":"\/football\/brazil-youth\/league-930\/","host_rank":"[14]","host":"Sport Club Recife (Youth)","guest_rank":"[18]","guest":"Bahia (Youth)","url":"\/football-match\/sport-club-recife-(youth)-vs-bahia-(youth)\/live-1930161\/"},{"id":1930162,"min":30,"start_time":"2020-10-01 18:00:00","league_short":"Bra YL","league_url":"\/football\/brazil-youth\/league-930\/","host_rank":"[12]","host":"Vitoria Salvador (Youth)","guest_rank":"[1]","guest":"Corinthians Paulista (Youth)","url":"\/football-match\/vitoria-salvador-(youth)-vs-corinthians-paulista-(youth)\/live-1930162\/"},{"id":1947291,"min":30,"start_time":"2020-10-01 18:00:00","league_short":"Mex MFW","league_url":"\/football\/mexico-liga-mx-femenil\/league-1817\/","host_rank":"","host":"Puebla (w)","guest_rank":"","guest":"Tigres (w)","url":"\/football-match\/puebla-(w)-vs-tigres-(w)\/live-1947291\/"},{"id":1947388,"min":29,"start_time":"2020-10-01 18:00:00","league_short":"Brazil L","league_url":"\/football\/brazil-l\/league-1761\/","host_rank":"","host":"Campos RJ","guest_rank":"","guest":"Nova Cidade","url":"\/football-match\/campos-rj-vs-nova-cidade\/live-1947388\/"},{"id":1947389,"min":30,"start_time":"2020-10-01 18:00:00","league_short":"BRP PS D2","league_url":"\/football\/brazil-paulista-serie-b\/league-1515\/","host_rank":"","host":"AA Itarare","guest_rank":"","guest":"Independente FC Limeira","url":"\/football-match\/aa-itarare-vs-independente-fc-limeira\/live-1947389\/"},{"id":1947390,"min":29,"start_time":"2020-10-01 18:00:00","league_short":"BRP PS D2","league_url":"\/football\/brazil-paulista-serie-b\/league-1515\/","host_rank":"","host":"Uniao Mogi","guest_rank":"","guest":"Esporte Clube Sao Jose SP","url":"\/football-match\/uniao-mogi-vs-esporte-clube-sao-jose-sp\/live-1947390\/"},{"id":1947391,"min":30,"start_time":"2020-10-01 18:00:00","league_short":"Bra SD","league_url":"\/football\/brazil-serie-d\/league-1760\/","host_rank":"","host":"Bangu","guest_rank":"","guest":"Nacional PR","url":"\/football-match\/bangu-vs-nacional-pr\/live-1947391\/"},{"id":1947392,"min":32,"start_time":"2020-10-01 18:00:00","league_short":"Bra SD","league_url":"\/football\/brazil-serie-d\/league-1760\/","host_rank":"","host":"Coruripe Al","guest_rank":"","guest":"Jacyoba AC","url":"\/football-match\/coruripe-al-vs-jacyoba-ac\/live-1947392\/"},{"id":1947731,"min":26,"start_time":"2020-10-01 18:00:00","league_short":"Mauritania Cup","league_url":"\/football\/mauritania-cup\/league-2152\/","host_rank":"","host":"ASC Tevragh Zeine","guest_rank":"","guest":"ASC Snim","url":"\/football-match\/asc-tevragh-zeine-vs-asc-snim\/live-1947731\/"},{"id":1947338,"min":30,"start_time":"2020-10-01 18:00:00","league_short":"BRA CPY","league_url":"\/football\/brazil-campeonato-paulista-youth\/league-1389\/","host_rank":"","host":"Vasco (Youth)","guest_rank":"","guest":"Friburguense RJ U20","url":"\/football-match\/vasco-(youth)-vs-friburguense-rj-u20\/live-1947338\/"},{"id":1947730,"min":30,"start_time":"2020-10-01 18:00:00","league_short":"BRA CPY","league_url":"\/football\/brazil-campeonato-paulista-youth\/league-1389\/","host_rank":"","host":"Volta Redonda U20","guest_rank":"","guest":"Madureira Youth","url":"\/football-match\/volta-redonda-u20-vs-madureira-youth\/live-1947730\/"},{"id":1866071,"min":29,"start_time":"2020-10-01 18:00:00","league_short":"BRA D3group","league_url":"\/football\/brasileiro,-serie-c\/league-1347\/","host_rank":"[8]","host":"Volta Redonda(N)","guest_rank":"[7]","guest":"Sao Jose PoA RS","url":"\/football-match\/volta-redonda-vs-sao-jose-poa-rs\/live-1866071\/"},{"id":1947551,"min":30,"start_time":"2020-10-01 18:00:00","league_short":"BRA D4","league_url":"\/football\/bra-d4\/league-1353\/","host_rank":"","host":"Timbauba","guest_rank":"","guest":"Ipojuca AC","url":"\/football-match\/timbauba-vs-ipojuca-ac\/live-1947551\/"},{"id":1947552,"min":32,"start_time":"2020-10-01 18:00:00","league_short":"BRA D4","league_url":"\/football\/bra-d4\/league-1353\/","host_rank":"","host":"Ypiranga PE","guest_rank":"","guest":"Sete de Setembro PE","url":"\/football-match\/ypiranga-pe-vs-sete-de-setembro-pe\/live-1947552\/"},{"id":1947292,"min":11,"start_time":"2020-10-01 18:15:00","league_short":"NIC U20","league_url":"\/football\/nicaragua-youth-league\/league-1885\/","host_rank":"","host":"Chinandega U20","guest_rank":"","guest":"Real Madriz FC U20","url":"\/football-match\/chinandega-u20-vs-real-madriz-fc-u20\/live-1947292\/"},{"id":1947336,"min":10,"start_time":"2020-10-01 18:15:00","league_short":"BRA CPY","league_url":"\/football\/brazil-campeonato-paulista-youth\/league-1389\/","host_rank":"","host":"Cabense U20","guest_rank":"","guest":"Nautico PE (Youth)","url":"\/football-match\/cabense-u20-vs-nautico-pe-(youth)\/live-1947336\/"},{"id":1902332,"min":1,"start_time":"2020-10-01 18:30:00","league_short":"ISR D1","league_url":"\/football\/israel-premier-league\/league-118\/","host_rank":"[7]","host":"Bnei Yehuda Tel Aviv","guest_rank":"[4]","guest":"Ashdod MS","url":"\/football-match\/bnei-yehuda-tel-aviv-vs-ashdod-ms\/live-1902332\/"},{"id":1865980,"min":1,"start_time":"2020-10-01 18:30:00","league_short":"BRA D3group","league_url":"\/football\/brasileiro,-serie-c\/league-1347\/","host_rank":"[5]","host":"Ferroviario CE(N)","guest_rank":"[8]","guest":"Treze Campina Grande PB","url":"\/football-match\/ferroviario-ce-vs-treze-campina-grande-pb\/live-1865980\/"}]