[{"id":1763735,"date":"2020_6_19","time":"17:30","league_short":"ITA D1","league_href":"\/football\/italian-serie-a\/league-34\/","host_rank":"[7]","host":"Napoli","guest_rank":"[16]","guest":"Udinese"},{"id":1721277,"date":"2020_6_19","time":"17:30","league_short":"RUS PR","league_href":"\/football\/russia-premier-league\/league-10\/","host_rank":"[3]","host":"FC Krasnodar","guest_rank":"[6]","guest":"Dynamo Moscow"},{"id":1875703,"date":"2020_6_19","time":"17:45","league_short":"BLR D1","league_href":"\/football\/belarusian-premier-league\/league-230\/","host_rank":"[7]","host":"FC Torpedo Zhodino","guest_rank":"[6]","guest":"Dinamo Minsk"},{"id":1745226,"date":"2020_6_19","time":"18:00","league_short":"POR D1","league_href":"\/football\/portugal-primera-liga\/league-23\/","host_rank":"[14]","host":"Belenenses","guest_rank":"[9]","guest":"Gil Vicente"},{"id":1878609,"date":"2020_6_19","time":"18:00","league_short":"SPA D3PPQ","league_href":"\/football\/spanish-segunda-division-b\/league-1413\/","host_rank":"[1]","host":"Barcelona B(N)","guest_rank":"[4]","guest":"Real Valladol B"},{"id":1878610,"date":"2020_6_19","time":"18:00","league_short":"SPA D3PPQ","league_href":"\/football\/spanish-segunda-division-b\/league-1413\/","host_rank":"[2]","host":"Sabadell(N)","guest_rank":"[3]","guest":"Atletico de Madrid B"},{"id":1870143,"date":"2020_6_19","time":"18:00","league_short":"DEN SASLoff","league_href":"\/football\/denmark-superligaen\/league-7\/","host_rank":"[2]","host":"FC Copenhagen","guest_rank":"[3]","guest":"Aarhus AGF"},{"id":1755919,"date":"2020_6_19","time":"18:00","league_short":"TUR D1","league_href":"\/football\/turkish-super-liga\/league-30\/","host_rank":"[4]","host":"Besiktas JK","guest_rank":"[7]","guest":"Fenerbahce"},{"id":1755920,"date":"2020_6_19","time":"18:00","league_short":"TUR D1","league_href":"\/football\/turkish-super-liga\/league-30\/","host_rank":"[6]","host":"Alanyaspor","guest_rank":"[13]","guest":"Denizlispor"},{"id":1755921,"date":"2020_6_19","time":"18:00","league_short":"TUR D1","league_href":"\/football\/turkish-super-liga\/league-30\/","host_rank":"[2]","host":"Trabzonspor","guest_rank":"[14]","guest":"Konyaspor"},{"id":1755922,"date":"2020_6_19","time":"18:00","league_short":"TUR D1","league_href":"\/football\/turkish-super-liga\/league-30\/","host_rank":"[3]","host":"Sivasspor","guest_rank":"[12]","guest":"Genclerbirligi"},{"id":1755923,"date":"2020_6_19","time":"18:00","league_short":"TUR D1","league_href":"\/football\/turkish-super-liga\/league-30\/","host_rank":"[16]","host":"Caykur Rizespor","guest_rank":"[15]","guest":"Yeni Malatyaspor"},{"id":1755925,"date":"2020_6_19","time":"18:00","league_short":"TUR D1","league_href":"\/football\/turkish-super-liga\/league-30\/","host_rank":"[18]","host":"Ankaragucu","guest_rank":"[9]","guest":"Antalyaspor"},{"id":1755927,"date":"2020_6_19","time":"18:00","league_short":"TUR D1","league_href":"\/football\/turkish-super-liga\/league-30\/","host_rank":"[1]","host":"Istanbul Buyuksehir Belediyesi","guest_rank":"[17]","guest":"Kayserispor"},{"id":1882447,"date":"2020_6_19","time":"18:00","league_short":"Spain D4","league_href":"\/football\/spanish-bizkaia-tercera-division\/league-951\/","host_rank":"","host":"AD San Juan(N)","guest_rank":"","guest":"Beti Kozkor KE"},{"id":1882448,"date":"2020_6_19","time":"18:00","league_short":"Spain D4","league_href":"\/football\/spanish-bizkaia-tercera-division\/league-951\/","host_rank":"","host":"G. Segoviana(N)","guest_rank":"","guest":"Arandina"},{"id":1882449,"date":"2020_6_19","time":"18:00","league_short":"Spain D4","league_href":"\/football\/spanish-bizkaia-tercera-division\/league-951\/","host_rank":"","host":"CD Varea(N)","guest_rank":"","guest":"Casalarreina"},{"id":1882484,"date":"2020_6_19","time":"18:00","league_short":"Spain D4","league_href":"\/football\/spanish-bizkaia-tercera-division\/league-951\/","host_rank":"","host":"Ejido(N)","guest_rank":"","guest":"Motril"},{"id":1882593,"date":"2020_6_19","time":"18:00","league_short":"Spain D4","league_href":"\/football\/spanish-bizkaia-tercera-division\/league-951\/","host_rank":"","host":"UD Alzira(N)","guest_rank":"","guest":"Atzeneta UE"},{"id":1736330,"date":"2020_6_19","time":"18:15","league_short":"SLO D1","league_href":"\/football\/slovenia-1-liga\/league-247\/","host_rank":"[3]","host":"Maribor","guest_rank":"[8]","guest":"Domzale"},{"id":1736332,"date":"2020_6_19","time":"18:15","league_short":"SLO D1","league_href":"\/football\/slovenia-1-liga\/league-247\/","host_rank":"[1]","host":"NK Olimpija Ljubljana","guest_rank":"[7]","guest":"Tabor Sezana"},{"id":1736333,"date":"2020_6_19","time":"18:15","league_short":"SLO D1","league_href":"\/football\/slovenia-1-liga\/league-247\/","host_rank":"[10]","host":"NK Rudar Velenje","guest_rank":"[2]","guest":"NK Publikum Celje"},{"id":1780718,"date":"2020_6_19","time":"18:45","league_short":"ALB D1","league_href":"\/football\/albania-super-league\/league-315\/","host_rank":"[5]","host":"Teuta Durres","guest_rank":"[6]","guest":"Partizani Tirana"},{"id":1780719,"date":"2020_6_19","time":"18:45","league_short":"ALB D1","league_href":"\/football\/albania-super-league\/league-315\/","host_rank":"[8]","host":"Vllaznia Shkoder","guest_rank":"[2]","guest":"KS Perparimi Kukesi"},{"id":1740892,"date":"2020_6_19","time":"19:00","league_short":"SPA D1","league_href":"\/football\/spanish-la-liga\/league-31\/","host_rank":"[3]","host":"Atletico Madrid","guest_rank":"[6]","guest":"Real Sociedad"},{"id":1740893,"date":"2020_6_19","time":"19:00","league_short":"SPA D1","league_href":"\/football\/spanish-la-liga\/league-31\/","host_rank":"[20]","host":"RCD Espanyol","guest_rank":"[17]","guest":"Celta Vigo"},{"id":1740894,"date":"2020_6_19","time":"19:00","league_short":"SPA D1","league_href":"\/football\/spanish-la-liga\/league-31\/","host_rank":"[9]","host":"Granada CF","guest_rank":"[10]","guest":"Athletic Bilbao"},{"id":1740895,"date":"2020_6_19","time":"19:00","league_short":"SPA D1","league_href":"\/football\/spanish-la-liga\/league-31\/","host_rank":"[18]","host":"Leganes","guest_rank":"[1]","guest":"Real Madrid"},{"id":1740896,"date":"2020_6_19","time":"19:00","league_short":"SPA D1","league_href":"\/football\/spanish-la-liga\/league-31\/","host_rank":"[12]","host":"Levante(N)","guest_rank":"[7]","guest":"Getafe"},{"id":1740897,"date":"2020_6_19","time":"19:00","league_short":"SPA D1","league_href":"\/football\/spanish-la-liga\/league-31\/","host_rank":"[11]","host":"Osasuna","guest_rank":"[19]","guest":"Mallorca"},{"id":1740898,"date":"2020_6_19","time":"19:00","league_short":"SPA D1","league_href":"\/football\/spanish-la-liga\/league-31\/","host_rank":"[4]","host":"Sevilla","guest_rank":"[8]","guest":"Valencia"},{"id":1882450,"date":"2020_6_19","time":"19:00","league_short":"Spain D4","league_href":"\/football\/spanish-bizkaia-tercera-division\/league-951\/","host_rank":"","host":"At. Pulpileno(N)","guest_rank":"","guest":"Mar Menor"},{"id":1882451,"date":"2020_6_19","time":"19:00","league_short":"Spain D4","league_href":"\/football\/spanish-bizkaia-tercera-division\/league-951\/","host_rank":"","host":"Ibiza Islas Pitiusas(N)","guest_rank":"","guest":"Mallorca B"},{"id":1882452,"date":"2020_6_19","time":"19:00","league_short":"Spain D4","league_href":"\/football\/spanish-bizkaia-tercera-division\/league-951\/","host_rank":"","host":"AD Union Adarve(N)","guest_rank":"","guest":"Alcorcon B"},{"id":1882505,"date":"2020_6_19","time":"19:00","league_short":"Spain D4","league_href":"\/football\/spanish-bizkaia-tercera-division\/league-951\/","host_rank":"","host":"CP Amanecer","guest_rank":"","guest":"AD Lobon"},{"id":1882396,"date":"2020_6_19","time":"19:00","league_short":"BRA CE","league_href":"\/football\/brazil-campeonato-cearense-division-1\/league-957\/","host_rank":"","host":"Ceara","guest_rank":"","guest":"Ferroviario CE"},{"id":1880118,"date":"2020_6_19","time":"19:00","league_short":"Bra PLoff","league_href":"\/football\/bra-cap\/league-960\/","host_rank":"[8]","host":"Parana PR","guest_rank":"[1]","guest":"Coritiba PR"},{"id":1830685,"date":"2020_6_19","time":"19:00","league_short":"BRA PE","league_href":"\/football\/brazil-pernambucano-league\/league-963\/","host_rank":"[6]","host":"Afogados da Ingazeira FC","guest_rank":"[10]","guest":"Vitoria PE"},{"id":1830686,"date":"2020_6_19","time":"19:00","league_short":"BRA PE","league_href":"\/football\/brazil-pernambucano-league\/league-963\/","host_rank":"[9]","host":"Decisao(N)","guest_rank":"[7]","guest":"Central SC"},{"id":1830687,"date":"2020_6_19","time":"19:00","league_short":"BRA PE","league_href":"\/football\/brazil-pernambucano-league\/league-963\/","host_rank":"[3]","host":"Reet","guest_rank":"[8]","guest":"Petrolina PE"},{"id":1830688,"date":"2020_6_19","time":"19:00","league_short":"BRA PE","league_href":"\/football\/brazil-pernambucano-league\/league-963\/","host_rank":"[2]","host":"Salgueiros AC","guest_rank":"[4]","guest":"Nautico (PE)"},{"id":1830689,"date":"2020_6_19","time":"19:00","league_short":"BRA PE","league_href":"\/football\/brazil-pernambucano-league\/league-963\/","host_rank":"[5]","host":"Sport Club Recife PE","guest_rank":"[1]","guest":"Santa Cruz PE"},{"id":1831628,"date":"2020_6_19","time":"19:00","league_short":"BRA PB","league_href":"\/football\/brazil-paraibano\/league-998\/","host_rank":"[5]","host":"Sousa PB","guest_rank":"[3]","guest":"Botafogo PB"},{"id":1831630,"date":"2020_6_19","time":"19:00","league_short":"BRA PB","league_href":"\/football\/brazil-paraibano\/league-998\/","host_rank":"[4]","host":"Campinense","guest_rank":"[1]","guest":"Atletico Cajazeirense PB"},{"id":1727358,"date":"2020_6_19","time":"19:05","league_short":"CRO D1","league_href":"\/football\/croatia-1-division\/league-133\/","host_rank":"[5]","host":"Hajduk Split","guest_rank":"[4]","guest":"Rijeka"},{"id":1832239,"date":"2020_6_19","time":"19:15","league_short":"ICE PR","league_href":"\/football\/iceland-premier-division\/league-166\/","host_rank":"[8]","host":"Vikingur Reykjavik","guest_rank":"[4]","guest":"Akranes"}]